{"cameraMode":{"drawMode":0,"name":"Shaded","section":"Shading Mode"},"sceneLighting":true,"audioPlay":false,"sceneViewState":{"m_AlwaysRefresh":false,"showFog":true,"showSkybox":true,"showFlares":true,"showImageEffects":true,"showParticleSystems":true,"showVisualEffectGraphs":true,"m_FxEnabled":true},"in2DMode":false,"pivot":{"x":-0.37255585193634035,"y":10.605109214782715,"z":1.7014625072479249},"rotation":{"x":-0.7600732445716858,"y":0.000616510515101254,"z":-0.000669289322104305,"w":-0.6498749256134033},"size":8.279001235961914,"orthographic":true}