{"cameraMode":{"drawMode":0,"name":"Shaded","section":"Shading Mode"},"sceneLighting":true,"audioPlay":false,"sceneViewState":{"m_AlwaysRefresh":false,"showFog":true,"showSkybox":true,"showFlares":true,"showImageEffects":true,"showParticleSystems":true,"showVisualEffectGraphs":true,"m_FxEnabled":true},"in2DMode":false,"pivot":{"x":-0.5255719423294067,"y":1.9329321384429932,"z":0.43617579340934756},"rotation":{"x":-0.7309886813163757,"y":-0.011608438566327095,"z":0.012542344629764557,"w":-0.6822167634963989},"size":7.217154502868652,"orthographic":true}