{"cameraMode":{"drawMode":0,"name":"Shaded","section":"Shading Mode"},"sceneLighting":true,"audioPlay":false,"sceneViewState":{"m_AlwaysRefresh":false,"showFog":true,"showSkybox":true,"showFlares":true,"showImageEffects":true,"showParticleSystems":true,"showVisualEffectGraphs":true,"m_FxEnabled":true},"in2DMode":false,"pivot":{"x":3.145195960998535,"y":2.159053087234497,"z":1.7519102096557618},"rotation":{"x":-0.6920583248138428,"y":0.009332406334578991,"z":-0.008917170576751233,"w":-0.721753716468811},"size":32.09837341308594,"orthographic":true}