{"cameraMode":{"drawMode":0,"name":"Shaded","section":"Shading Mode"},"sceneLighting":false,"audioPlay":false,"sceneViewState":{"m_AlwaysRefresh":false,"showFog":true,"showSkybox":false,"showFlares":true,"showImageEffects":true,"showParticleSystems":true,"showVisualEffectGraphs":true,"m_FxEnabled":true},"in2DMode":false,"pivot":{"x":-0.692655086517334,"y":-0.6927634477615356,"z":2.014801025390625},"rotation":{"x":-0.24019642174243928,"y":-0.07504738122224808,"z":0.018630927428603174,"w":-0.9676486253738403},"size":3.0750234127044679,"orthographic":false}