{"cameraMode":{"drawMode":0,"name":"Shaded","section":"Shading Mode"},"sceneLighting":false,"audioPlay":false,"sceneViewState":{"m_AlwaysRefresh":false,"showFog":true,"showSkybox":false,"showFlares":true,"showImageEffects":true,"showParticleSystems":true,"showVisualEffectGraphs":true,"m_FxEnabled":true},"in2DMode":false,"pivot":{"x":0.6003104448318481,"y":0.07188597321510315,"z":0.1280421018600464},"rotation":{"x":-0.1849038004875183,"y":-0.24845431745052339,"z":0.04837791621685028,"w":-0.9496095180511475},"size":2.0181291103363039,"orthographic":false}